path,size_bytes,sha256,repository_status,notes
README.md,1569,5c3976d6a2074817526fb48ce1a712ff1270c6b9204ce8456d0c1ac6c38f8a69,checksum_recorded_overleaf_source_not_stored,source content remains under Overleaf authority; hash retained for baseline comparison
chapters/01_introduction.tex,8419,84ac4df3376866c5a691de2994ed5a68c4f507680605832258d00751fbab246f,checksum_recorded_overleaf_source_not_stored,source content remains under Overleaf authority; hash retained for baseline comparison
chapters/02_background.tex,11061,891b47c71aa1d22390a9f68eb81f3b36fd3efada691ace1838d63f28e7fe785a,checksum_recorded_overleaf_source_not_stored,source content remains under Overleaf authority; hash retained for baseline comparison
chapters/03_problem_rqs.tex,6701,ff55580bf2d0ca824c3c366c063192e69018c022d8d5d5be970d70b3e4bd37ba,checksum_recorded_overleaf_source_not_stored,source content remains under Overleaf authority; hash retained for baseline comparison
chapters/04_study_plan.tex,15046,27acc007e7a83e30d909830e2a32a1d9b930373c5645db15c6305c3e6345d047,checksum_recorded_overleaf_source_not_stored,source content remains under Overleaf authority; hash retained for baseline comparison
chapters/05_contributions.tex,4551,2fc903f8c8590c982676a47f073fa5e41c7576449747adbf9ad76b057e79b6b9,checksum_recorded_overleaf_source_not_stored,source content remains under Overleaf authority; hash retained for baseline comparison
chapters/06_timeline.tex,3902,3a2bdf0d63da097149b63e04dfe2651dfa94893a8b12b9bd7957f4d59b724b36,checksum_recorded_overleaf_source_not_stored,source content remains under Overleaf authority; hash retained for baseline comparison
chapters/07_appendix_prototype.tex,7841,75b2e15e67359b3612e0e8d682ed540a314705e1050267c8da39d472ba5d8e9a,checksum_recorded_overleaf_source_not_stored,source content remains under Overleaf authority; hash retained for baseline comparison
figures/architecture_diagram.png,203128,c16ffa8cae75ac30676337f67f5fc59a37b1e72ed34c451061527e7dde7b1c93,checksum_recorded_overleaf_binary_not_stored,binary figure remains under Overleaf authority
figures/fig_context_conditions.png,125581,26b5bf3caba840caccbf6a280788502da23d1e11012c322749bada3a4997091e,checksum_recorded_overleaf_binary_not_stored,binary figure remains under Overleaf authority
figures/fig_ladder.png,65755,ae497e666bcb1bed8199cdbf8eb4393631ff13d7132caa51c881a1584ee12ab5,checksum_recorded_overleaf_binary_not_stored,binary figure remains under Overleaf authority
figures/fig_metrics_reproduced.png,124951,ed1d780595b25938e8bc598cbf25932ce0b9f290ee957b16362970bf5a028638,checksum_recorded_overleaf_binary_not_stored,binary figure remains under Overleaf authority
figures/fig_pipeline.png,64325,dc2f73c1d19ea5992dd4bf56e895f01dfa48e74eb7bf0abd5178b16d82f2056f,checksum_recorded_overleaf_binary_not_stored,binary figure remains under Overleaf authority
figures/fig_q3_walkthrough.png,115102,1c61a8eb7f610b7ff7bc2842bd08a559cd8a1db6ea3456c60a5a22762c5a84ae,checksum_recorded_overleaf_binary_not_stored,binary figure remains under Overleaf authority
figures/fig_q_formula.png,67032,a2cfabc85409bbf3223d7549156a9785320848ab0a089a2b837acfd5ddf9433f,checksum_recorded_overleaf_binary_not_stored,binary figure remains under Overleaf authority
figures/fig_research_program.png,91660,568b20f9f37cb2efc9280a73c7f30d91c27cd15ba7b7188622d16453b006e6f5,checksum_recorded_overleaf_binary_not_stored,binary figure remains under Overleaf authority
figures/fig_step1_flow.png,146603,213b1af0f965d853c3424540dfedade1b9b16632f11ff36222176ff068b396a7,checksum_recorded_overleaf_binary_not_stored,binary figure remains under Overleaf authority
figures/fig_step1_output_q3.png,111478,7134d9148ad83a2556c26b4de181fc750a10fdbc7ed6fdd4091a19609d0f2dff,checksum_recorded_overleaf_binary_not_stored,binary figure remains under Overleaf authority
figures/idd_architecture_v3.png,87629,fc87b75d86d88e229da8b9436488b38ea5c9f5766fae038f31137ddde33e907b,checksum_recorded_overleaf_binary_not_stored,binary figure remains under Overleaf authority
figures/screenshot_corpus.png,111641,0c66108a3e578dae77c4928ea3872c73dc0da7d4d274ebecf5ab2c88a3d66e57,checksum_recorded_overleaf_binary_not_stored,binary figure remains under Overleaf authority
figures/screenshot_discrepancy_cards.png,88861,dc9911d5d11cb8c205b7aac5634eb22bfc4d7b59f0331436c706efad1f8a5b9b,checksum_recorded_overleaf_binary_not_stored,binary figure remains under Overleaf authority
figures/screenshot_metrics_dashboard.png,47320,fc281f11d1759f5212130d0731250972a36aec940fbf375dfac0ac327804e54b,checksum_recorded_overleaf_binary_not_stored,binary figure remains under Overleaf authority
notes/SOURCE_GAPS_AND_NEXT_EVIDENCE.md,1677,bdb7e63aab5ecd503198ec27cee4c4c4ed8923a8e9c788b40be5e7d5f6f81522,checksum_recorded_overleaf_source_not_stored,source content remains under Overleaf authority; hash retained for baseline comparison
notes_BALANCED_REVISION.md,1968,0883cd5cd75a51b5a2ee391f10441bf9ab79e80788ec6c2fb27e09ef61e6b788,checksum_recorded_overleaf_source_not_stored,source content remains under Overleaf authority; hash retained for baseline comparison
pages/abstract.tex,2999,9bf276764ccddb0b4c20f2d903e011c0b08d9845122f0c635306e56b64636772,checksum_recorded_overleaf_source_not_stored,source content remains under Overleaf authority; hash retained for baseline comparison
pages/bib.tex,7960,7ab6c2ccd81b72c3eb539979d4c43fc20f05477f3def126f63a001664f3772ad,checksum_recorded_overleaf_source_not_stored,source content remains under Overleaf authority; hash retained for baseline comparison
pages/title.tex,603,06c09e4677ca7088f4b5776e75992c8752c84370d170cfbf7f125e087fd23c8f,checksum_recorded_sensitive_frontmatter_not_stored,content not stored; personal committee identifier excluded from evidence-repository content
sample.bib,1810,acdd740240ae16d7d5bf1b0d3791b82013041aae678c9a8d81fdb647452a5890,checksum_recorded_overleaf_source_not_stored,source content remains under Overleaf authority; hash retained for baseline comparison
thesis.cls,27876,d5ec06027a4676765928a6f3433c3429fdf97761c2a45a9563f34bee879569a7,checksum_recorded_overleaf_source_not_stored,source content remains under Overleaf authority; hash retained for baseline comparison
thesis.pdf,666548,354d77ee5ab43caca991fc91b0a744f3ee8602eb38fc0f3a80fc770fc3ea6c4a,checksum_recorded_compiled_artifact_not_stored,compiled proposal artifact remains under Overleaf authority
thesis.tex,2727,14592ef3c307305720ddc67bd967506cf4ba4691170e87f3935906016122e4ed,checksum_recorded_overleaf_source_not_stored,source content remains under Overleaf authority; hash retained for baseline comparison
