import_id,original_filename,stored_path,sha256,size_bytes,media_type,duplicate_of,import_status,authority_role,notes
IMP-0001,Elicit - PCC Revised Related Work Draft (2)(1).pdf,imports/raw/elicit/2026-07-24/revised_related_work_draft.pdf,7bc3740be603468a7a3484af623ce6510a52865f87bd45644d78ca97f216b0e1,54284,application/pdf,,checksum_recorded_pending_binary_import,provisional_literature_synthesis,Canonical byte record for the duplicate pair. Binary bytes are not part of the text-only initialization commit.
IMP-0002,Elicit - PCC Revised Related Work Draft(1).pdf,,7bc3740be603468a7a3484af623ce6510a52865f87bd45644d78ca97f216b0e1,54284,application/pdf,IMP-0001,duplicate_not_stored,provisional_literature_synthesis,Byte-for-byte duplicate of IMP-0001; no second raw copy stored.
IMP-0003,Elicit - PCC Full-Text Extraction Protocol for Closest Sources(1).pdf,imports/raw/elicit/2026-07-24/full_text_extraction_protocol.pdf,48c228959f931a6e1bc19e4b586afc0cafdc5c57536e590bb7781a7d10f07e0a,79126,application/pdf,,checksum_recorded_pending_binary_import,audit_protocol,Binary bytes are not part of the text-only initialization commit.
IMP-0004,Elicit - PCC Claim–Source Matrix for Revised Related Work(1).xlsx,imports/raw/elicit/2026-07-24/claim_source_matrix.xlsx,fc2fa4800dea61bee31c0de3aa042682099ed9c9594c47c0fd99ca79e70bb95c,12519,application/vnd.openxmlformats-officedocument.spreadsheetml.sheet,,checksum_recorded_pending_binary_import,provisional_extraction,Normalized derivative: imports/normalized/elicit/claim_source_matrix.csv. Binary bytes are not part of this text-only initialization commit.
IMP-0005,Elicit - PCC Combined Tier 1–Tier 2 Capability Matrix(1).xlsx,imports/raw/elicit/2026-07-24/combined_capability_matrix.xlsx,cf5661e91d0f77f97214d719ec7ca68a7ff49aa615ba11a5e0251c39fb5548e1,16399,application/vnd.openxmlformats-officedocument.spreadsheetml.sheet,,checksum_recorded_pending_binary_import,provisional_extraction,Exact binary import and normalized workbook derivative remain pending; source identity and checksum are frozen in this register.
IMP-0006,Elicit - PCC Initial Full-Text Extraction Audit(1).xlsx,imports/raw/elicit/2026-07-24/initial_full_text_extraction_audit.xlsx,3aa96470004de0b13eed2922603fc6ee2a0a999371e3d7b3d9a8f65dc7988634,10019,application/vnd.openxmlformats-officedocument.spreadsheetml.sheet,,checksum_recorded_pending_binary_import,provisional_extraction,Normalized derivative: imports/normalized/elicit/initial_full_text_extraction_audit.csv. Binary bytes are not part of this text-only initialization commit.
IMP-0007,Elicit - PCC Tier 2 Authority and Workflow Extraction Audit(1).xlsx,imports/raw/elicit/2026-07-24/tier2_authority_workflow_audit.xlsx,b5af450fe57b7cff5abee96e3a549b1ae318f830750ea93b020c0938a4ecad9c,13480,application/vnd.openxmlformats-officedocument.spreadsheetml.sheet,,checksum_recorded_pending_binary_import,provisional_extraction,Exact binary import and normalized workbook derivative remain pending; source identity and checksum are frozen in this register.
IMP-0008,Elicit - PCC Novelty Audit — Starter Literature Corpus(1).bib,imports/raw/elicit/2026-07-24/starter_literature_corpus.bib,e6a73adc0977c30b1c03b2224ec97d19bf53c8d395fec03f70cf01b00bd0a2c6,11237,application/x-bibtex,,included,provisional_bibliographic_snapshot,Raw Elicit snapshot only; not authoritative metadata and not copied into bibliography/references.bib.
IMP-0009,Elicit - PCC Novelty Audit — Starter Literature Corpus (3).bib,,e6a73adc0977c30b1c03b2224ec97d19bf53c8d395fec03f70cf01b00bd0a2c6,11237,application/x-bibtex,IMP-0008,duplicate_not_stored,provisional_bibliographic_snapshot,Byte-for-byte duplicate of IMP-0008; no second raw copy stored.
IMP-0010,interpretive-drift-prototype-audited-reviewer-walkthrough.zip,,e6ec0e16d85704f8fc055227671030b1ef24247399209070094d43fbb8b738d5,487933,application/zip,,external_baseline_only,historical_prototype_snapshot,Historical local snapshot; canonical prototype authority is the prototype GitHub repository. ZIP predates current main and contains the pre-remediation artifact_idd input path.
IMP-0011,rpi_pcc_LaTeX.zip,,52805ac4b32ece8f9bb19dac51e6976e13528fd7dbedc9fe43e45c5d0bcfac61,1927622,application/zip,,checksum_recorded_sensitive_raw_not_stored,overleaf_source_export,Original Overleaf/RPI source export. Not stored because upstream front matter contains a personal committee identifier. Repository-safe derivative is IMP-0012; the embedded compiled PDF is also excluded.
IMP-0012,proposal source inventory,imports/normalized/proposal/2026-07-24/source_inventory.csv,734d67b832b58bd912a6f988548efa7cd093ec6c05c50d7cc7c6fde1fee7d59f,6574,text/csv,,included,sanitized_proposal_inventory,Derived from IMP-0011; records file paths, sizes, and hashes without storing source content or personal committee identifiers. Overleaf remains authoritative for source and binary artifacts.
IMP-0013,sample.bib,imports/raw/bibliography/2026-07-24/proposal_sample.bib,acdd740240ae16d7d5bf1b0d3791b82013041aae678c9a8d81fdb647452a5890,1810,application/x-bibtex,,included,candidate_zotero_export_fragment,Exact duplicate of sample.bib embedded in IMP-0011; IMP-0012 records the same embedded-file hash. The standalone copy is retained for review and future Zotero import; it covers only 8 current proposal citation keys.
IMP-0014,Elicit - PCC Combined Tier 1–Tier 2 Capability Matrix.bib,imports/raw/bibliography/2026-07-24/elicit_capability_matrix.bib,c187a0fc2033df3f7185f9c0fd3cc92fa0fc393cdfed7c255c3bc2fb522adb4b,3191,application/x-bibtex,,included,candidate_zotero_export_fragment,Elicit-derived 10-entry fragment with opaque keys. Three entries overlap the starter corpus; preserve raw and deduplicate in Zotero before Better BibTeX export.
IMP-0015,REV-002-evidence-c9a38d833de1262cc2a8be0bdaaa1ee9ba777ed4.zip,imports/raw/prototype/2026-07-29/REV-002-evidence-c9a38d833de1262cc2a8be0bdaaa1ee9ba777ed4.README.md,b13361c994ba522595f97a654e53ef08fb4bd66c7982503664fe14dd048f8d6c,40540,application/zip,,included_base64_parts,prototype_evidence_snapshot,Exact multipart base64 copy of the 65-entry evidence ZIP for prototype commit c9a38d833de1262cc2a8be0bdaaa1ee9ba777ed4 and PR 15; the restore script verifies decoded bytes. Canonical prototype implementation remains in the prototype repository. Prompt C must adjudicate statuses and limitations.
IMP-0016,SRC-0007_tsvilodub_et_al_2026_arxiv_v3.pdf,imports/raw/literature/REV-003B/SRC-0007_tsvilodub_et_al_2026_arxiv_v3.pdf,324b61fb388af4db1de1449fda5308df55d069de4ec1548c4e28370264621a44,1049305,application/pdf,,included,full_text_audit_source,SRC-0007; arXiv:2602.02843v3; 8 PDF pages. Identity and controls checked at intake; presence does not constitute a full-text mechanism audit.
IMP-0017,SRC-0021_she_liang_kang_2026_arxiv_v1.pdf,imports/raw/literature/REV-003B/SRC-0021_she_liang_kang_2026_arxiv_v1.pdf,66ddafe54cae7a4f1e13e72ba77068eeb6ebc09cbd5e191a6752fbd226ae7968,1017348,application/pdf,,included,full_text_audit_source,SRC-0021; arXiv:2607.01236v1; 12 PDF pages. Identity and controls checked at intake; presence does not constitute a full-text mechanism audit.
IMP-0018,SRC-0036_piwek_2000_imperatives_commitment_action.pdf,imports/raw/literature/REV-003B/SRC-0036_piwek_2000_imperatives_commitment_action.pdf,b9c15c9b63318ac82efcf5c30ff89f4e994ab09d13f8676d5ade9c8d6a786ff2,187110,application/pdf,,included,full_text_audit_source,"SRC-0036; ITRI-00-14 / LDV Forum 2000; 16 PDF pages. Proxy/companion comparator only, distinct from SRC-0004; pending Zotero reconciliation and full-text mechanism audit."
IMP-0019,SRC-0004_piwek_1997_situated.pdf,imports/raw/literature/REV-003B/SRC-0004_piwek_1997_situated.pdf,338b24096b8acf12d87e48a34fac3f3207b22799507e4efb4fcfe3a039a73a67,8121303,application/pdf,,included,full_text_audit_source,SRC-0004 exact image-only scan; Situated action and commitment in dialogue; P.L.A. Piwek; IPO Annual Progress Report 32 (1997); 9 PDF pages corresponding to printed pages 89-97. Exact-source authority; intake does not constitute mechanism audit.
IMP-0020,SRC-0004_piwek_1997_situated_searchable.pdf,imports/normalized/literature/REV-003B/SRC-0004_piwek_1997_situated_searchable.pdf,4fc392bce91a7e249b5ac27e7352c13f3cf214e8becca1f5612118252e602c34,13823705,application/pdf,,included,normalized_ocr_derivative,SRC-0004 searchable OCR derivative; 9 PDF pages. Non-authoritative reading aid only; verify all quotations and findings against IMP-0019 raw scan.
IMP-0021,SRC-0004_piwek_1997_situated_ocr.txt,imports/normalized/literature/REV-003B/SRC-0004_piwek_1997_situated_ocr.txt,6343b55bebc0c6006bcb3cb55de6063afcc653f2c058bbf384268c07c14fc859,28641,text/plain,,included,normalized_ocr_derivative,SRC-0004 OCR text derivative. Non-authoritative search and reading aid; recognition and layout errors may occur; verify all quotations and findings against IMP-0019 raw scan.
IMP-0022,SRC-0002_asher_lascarides_2008_londial.pdf,imports/raw/literature/REV-003A/SRC-0002_asher_lascarides_2008_londial.pdf,b1ee3b83b64d498f04306c7618d4ab789ea89c78f7eb3595037412cf82b3e3e4,183452,application/pdf,,included,full_text_audit_source,SRC-0002; Author-hosted copy of LONDIAL 2008 proceedings paper; 8 PDF pages. Exact source identity and controls verified at intake; presence does not constitute a mechanism audit. Source URL: https://homepages.inf.ed.ac.uk/alex/papers/londial.pdf
IMP-0023,SRC-0003_venant_asher_2015_iwcs.pdf,imports/raw/literature/REV-003A/SRC-0003_venant_asher_2015_iwcs.pdf,3aa59f34f28d3c0b1f657f84a754bc3253e24eb10bf9de136eb06944e5df75e3,190360,application/pdf,,included,full_text_audit_source,SRC-0003; ACL Anthology W15-0131; IWCS 2015; 11 PDF pages. Exact source identity and controls verified at intake; presence does not constitute a mechanism audit. Source URL: https://aclanthology.org/W15-0131.pdf
IMP-0024,SRC-0010_khebour_et_al_2024_lrec_coling.pdf,imports/raw/literature/REV-003A/SRC-0010_khebour_et_al_2024_lrec_coling.pdf,0c6fb58d3310a34f95af014b64f331a74556e74d5736892fc252e0da4943ae4d,2748388,application/pdf,,included,full_text_audit_source,SRC-0010; ACL Anthology 2024.lrec-main.318; LREC-COLING 2024; 16 PDF pages. Exact source identity and controls verified at intake; presence does not constitute a mechanism audit. Source URL: https://aclanthology.org/2024.lrec-main.318.pdf
